Time,TZ-A403:DAVIS MONTHAN AFB ANN HTG 99.6% CONDNS DB:Des Heat Load [W],TZ-A403:DAVIS MONTHAN AFB ANN CLG .4% CONDNS DB=>MWB:Des Sens Cool Load [W],TZ-A403:DAVIS MONTHAN AFB ANN HTG 99.6% CONDNS DB:Des Heat Mass Flow [kg/s],TZ-A403:DAVIS MONTHAN AFB ANN CLG .4% CONDNS DB=>MWB:Des Cool Mass Flow [kg/s],TZ-A403::Des Latent Heat Load [W],TZ-A403::Des Latent Cool Load [W],TZ-A403::Des Latent Heat Mass Flow [kg/s],TZ-A403::Des Latent Cool Mass Flow [kg/s],TZ-A403::Des Heat Load No DOAS [W],TZ-A403::Des Sens Cool Load No DOAS [W],TZ-A403::Des Latent Heat Load No DOAS [W],TZ-A403::Des Latent Cool Load No DOAS [W],TZ-A403:DAVIS MONTHAN AFB ANN HTG 99.6% CONDNS DB:Heating Zone Temperature [C],TZ-A403:DAVIS MONTHAN AFB ANN HTG 99.6% CONDNS DB:Heating Zone Relative Humidity [%],TZ-A403:DAVIS MONTHAN AFB ANN CLG .4% CONDNS DB=>MWB:Cooling Zone Temperature [C],TZ-A403:DAVIS MONTHAN AFB ANN CLG .4% CONDNS DB=>MWB:Cooling Zone Relative Humidity [%]
00:05:00,5.751111E+03,2.907041E+03,2.967955E-01,3.164363E-01,0.000000E+00,0.000000E+00,0.000000E+00,0.000000E+00,0.000000E+00,0.000000E+00,0.000000E+00,0.000000E+00,2.099722E+01,4.257141E+01,2.300102E+01,4.153518E+01
00:10:00,5.751123E+03,2.889871E+03,2.967961E-01,3.145674E-01,0.000000E+00,0.000000E+00,0.000000E+00,0.000000E+00,0.000000E+00,0.000000E+00,0.000000E+00,0.000000E+00,2.099722E+01,4.257141E+01,2.300101E+01,4.150588E+01
00:15:00,5.751134E+03,2.872837E+03,2.967967E-01,3.127131E-01,0.000000E+00,0.000000E+00,0.000000E+00,0.000000E+00,0.000000E+00,0.000000E+00,0.000000E+00,0.000000E+00,2.099722E+01,4.257141E+01,2.300102E+01,4.147011E+01
00:20:00,5.751146E+03,2.855935E+03,2.967973E-01,3.108733E-01,0.000000E+00,0.000000E+00,0.000000E+00,0.000000E+00,0.000000E+00,0.000000E+00,0.000000E+00,0.000000E+00,2.099722E+01,4.257141E+01,2.300103E+01,4.143769E+01
00:25:00,5.751157E+03,2.839167E+03,2.967979E-01,3.090480E-01,0.000000E+00,0.000000E+00,0.000000E+00,0.000000E+00,0.000000E+00,0.000000E+00,0.000000E+00,0.000000E+00,2.099722E+01,4.257140E+01,2.300103E+01,4.141154E+01
00:30:00,5.751169E+03,2.822530E+03,2.967985E-01,3.072370E-01,0.000000E+00,0.000000E+00,0.000000E+00,0.000000E+00,0.000000E+00,0.000000E+00,0.000000E+00,0.000000E+00,2.099722E+01,4.257140E+01,2.300104E+01,4.139065E+01
00:35:00,5.751180E+03,2.806023E+03,2.967991E-01,3.054402E-01,0.000000E+00,0.000000E+00,0.000000E+00,0.000000E+00,0.000000E+00,0.000000E+00,0.000000E+00,0.000000E+00,2.099722E+01,4.257140E+01,2.300104E+01,4.137319E+01
00:40:00,5.751191E+03,2.789647E+03,2.967996E-01,3.036576E-01,0.000000E+00,0.000000E+00,0.000000E+00,0.000000E+00,0.000000E+00,0.000000E+00,0.000000E+00,0.000000E+00,2.099722E+01,4.257140E+01,2.300104E+01,4.135773E+01
00:45:00,5.751202E+03,2.773401E+03,2.968002E-01,3.018891E-01,0.000000E+00,0.000000E+00,0.000000E+00,0.000000E+00,0.000000E+00,0.000000E+00,0.000000E+00,0.000000E+00,2.099722E+01,4.257140E+01,2.300105E+01,4.134347E+01
00:50:00,5.751213E+03,2.757284E+03,2.968008E-01,3.001347E-01,0.000000E+00,0.000000E+00,0.000000E+00,0.000000E+00,0.000000E+00,0.000000E+00,0.000000E+00,0.000000E+00,2.099722E+01,4.257140E+01,2.300105E+01,4.132998E+01
00:55:00,5.751224E+03,2.741296E+03,2.968014E-01,2.983943E-01,0.000000E+00,0.000000E+00,0.000000E+00,0.000000E+00,0.000000E+00,0.000000E+00,0.000000E+00,0.000000E+00,2.099722E+01,4.257140E+01,2.300105E+01,4.131701E+01
01:00:00,5.751235E+03,2.725438E+03,2.968019E-01,2.966680E-01,0.000000E+00,0.000000E+00,0.000000E+00,0.000000E+00,0.000000E+00,0.000000E+00,0.000000E+00,0.000000E+00,2.099722E+01,4.257140E+01,2.300105E+01,4.130441E+01
01:05:00,5.751235E+03,2.712465E+03,2.968019E-01,2.952559E-01,0.000000E+00,0.000000E+00,0.000000E+00,0.000000E+00,0.000000E+00,0.000000E+00,0.000000E+00,0.000000E+00,2.099722E+01,4.257140E+01,2.300105E+01,4.129205E+01
01:10:00,5.751234E+03,2.699782E+03,2.968019E-01,2.938753E-01,0.000000E+00,0.000000E+00,0.000000E+00,0.000000E+00,0.000000E+00,0.000000E+00,0.000000E+00,0.000000E+00,2.099722E+01,4.257140E+01,2.300105E+01,4.128025E+01
01:15:00,5.751233E+03,2.687379E+03,2.968018E-01,2.925251E-01,0.000000E+00,0.000000E+00,0.000000E+00,0.000000E+00,0.000000E+00,0.000000E+00,0.000000E+00,0.000000E+00,2.099722E+01,4.257140E+01,2.300105E+01,4.126913E+01
01:20:00,5.751233E+03,2.675255E+03,2.968018E-01,2.912053E-01,0.000000E+00,0.000000E+00,0.000000E+00,0.000000E+00,0.000000E+00,0.000000E+00,0.000000E+00,0.000000E+00,2.099722E+01,4.257140E+01,2.300105E+01,4.125861E+01
01:25:00,5.751232E+03,2.663408E+03,2.968018E-01,2.899157E-01,0.000000E+00,0.000000E+00,0.000000E+00,0.000000E+00,0.000000E+00,0.000000E+00,0.000000E+00,0.000000E+00,2.099722E+01,4.257140E+01,2.300105E+01,4.124851E+01
01:30:00,5.751232E+03,2.651840E+03,2.968017E-01,2.886564E-01,0.000000E+00,0.000000E+00,0.000000E+00,0.000000E+00,0.000000E+00,0.000000E+00,0.000000E+00,0.000000E+00,2.099722E+01,4.257140E+01,2.300105E+01,4.123868E+01
01:35:00,5.751231E+03,2.640548E+03,2.968017E-01,2.874274E-01,0.000000E+00,0.000000E+00,0.000000E+00,0.000000E+00,0.000000E+00,0.000000E+00,0.000000E+00,0.000000E+00,2.099722E+01,4.257140E+01,2.300105E+01,4.122904E+01
01:40:00,5.751231E+03,2.629535E+03,2.968017E-01,2.862286E-01,0.000000E+00,0.000000E+00,0.000000E+00,0.000000E+00,0.000000E+00,0.000000E+00,0.000000E+00,0.000000E+00,2.099722E+01,4.257140E+01,2.300104E+01,4.121952E+01
01:45:00,5.751230E+03,2.618799E+03,2.968017E-01,2.850600E-01,0.000000E+00,0.000000E+00,0.000000E+00,0.000000E+00,0.000000E+00,0.000000E+00,0.000000E+00,0.000000E+00,2.099722E+01,4.257140E+01,2.300104E+01,4.121007E+01
01:50:00,5.751229E+03,2.608341E+03,2.968016E-01,2.839216E-01,0.000000E+00,0.000000E+00,0.000000E+00,0.000000E+00,0.000000E+00,0.000000E+00,0.000000E+00,0.000000E+00,2.099722E+01,4.257140E+01,2.300104E+01,4.120066E+01
01:55:00,5.751229E+03,2.598161E+03,2.968016E-01,2.828135E-01,0.000000E+00,0.000000E+00,0.000000E+00,0.000000E+00,0.000000E+00,0.000000E+00,0.000000E+00,0.000000E+00,2.099722E+01,4.257140E+01,2.300104E+01,4.119127E+01
02:00:00,5.751228E+03,2.588260E+03,2.968016E-01,2.817357E-01,0.000000E+00,0.000000E+00,0.000000E+00,0.000000E+00,0.000000E+00,0.000000E+00,0.000000E+00,0.000000E+00,2.099722E+01,4.257140E+01,2.300104E+01,4.118188E+01
02:05:00,5.751228E+03,2.578564E+03,2.968015E-01,2.806803E-01,0.000000E+00,0.000000E+00,0.000000E+00,0.000000E+00,0.000000E+00,0.000000E+00,0.000000E+00,0.000000E+00,2.099722E+01,4.257140E+01,2.300104E+01,4.117248E+01
02:10:00,5.751227E+03,2.568986E+03,2.968015E-01,2.796377E-01,0.000000E+00,0.000000E+00,0.000000E+00,0.000000E+00,0.000000E+00,0.000000E+00,0.000000E+00,0.000000E+00,2.099722E+01,4.257140E+01,2.300104E+01,4.116335E+01
02:15:00,5.751226E+03,2.559599E+03,2.968015E-01,2.786159E-01,0.000000E+00,0.000000E+00,0.000000E+00,0.000000E+00,0.000000E+00,0.000000E+00,0.000000E+00,0.000000E+00,2.099722E+01,4.257140E+01,2.300104E+01,4.115448E+01
02:20:00,5.751226E+03,2.550323E+03,2.968014E-01,2.776063E-01,0.000000E+00,0.000000E+00,0.000000E+00,0.000000E+00,0.000000E+00,0.000000E+00,0.000000E+00,0.000000E+00,2.099722E+01,4.257140E+01,2.300104E+01,4.114590E+01
02:25:00,5.751225E+03,2.541235E+03,2.968014E-01,2.766171E-01,0.000000E+00,0.000000E+00,0.000000E+00,0.000000E+00,0.000000E+00,0.000000E+00,0.000000E+00,0.000000E+00,2.099722E+01,4.257140E+01,2.300104E+01,4.113745E+01
02:30:00,5.751225E+03,2.532256E+03,2.968014E-01,2.756397E-01,0.000000E+00,0.000000E+00,0.000000E+00,0.000000E+00,0.000000E+00,0.000000E+00,0.000000E+00,0.000000E+00,2.099722E+01,4.257140E+01,2.300104E+01,4.112916E+01
02:35:00,5.751224E+03,2.523462E+03,2.968013E-01,2.746824E-01,0.000000E+00,0.000000E+00,0.000000E+00,0.000000E+00,0.000000E+00,0.000000E+00,0.000000E+00,0.000000E+00,2.099722E+01,4.257140E+01,2.300104E+01,4.112089E+01
02:40:00,5.751223E+03,2.514774E+03,2.968013E-01,2.737367E-01,0.000000E+00,0.000000E+00,0.000000E+00,0.000000E+00,0.000000E+00,0.000000E+00,0.000000E+00,0.000000E+00,2.099722E+01,4.257140E+01,2.300104E+01,4.111271E+01
02:45:00,5.751223E+03,2.506269E+03,2.968013E-01,2.728110E-01,0.000000E+00,0.000000E+00,0.000000E+00,0.000000E+00,0.000000E+00,0.000000E+00,0.000000E+00,0.000000E+00,2.099722E+01,4.257139E+01,2.300104E+01,4.110452E+01
02:50:00,5.751222E+03,2.497869E+03,2.968013E-01,2.718967E-01,0.000000E+00,0.000000E+00,0.000000E+00,0.000000E+00,0.000000E+00,0.000000E+00,0.000000E+00,0.000000E+00,2.099722E+01,4.257139E+01,2.300104E+01,4.109637E+01
02:55:00,5.751222E+03,2.489652E+03,2.968012E-01,2.710023E-01,0.000000E+00,0.000000E+00,0.000000E+00,0.000000E+00,0.000000E+00,0.000000E+00,0.000000E+00,0.000000E+00,2.099722E+01,4.257139E+01,2.300104E+01,4.108818E+01
03:00:00,5.751221E+03,2.481540E+03,2.968012E-01,2.701192E-01,0.000000E+00,0.000000E+00,0.000000E+00,0.000000E+00,0.000000E+00,0.000000E+00,0.000000E+00,0.000000E+00,2.099722E+01,4.257139E+01,2.300104E+01,4.108002E+01
03:05:00,5.751220E+03,2.473449E+03,2.968012E-01,2.692385E-01,0.000000E+00,0.000000E+00,0.000000E+00,0.000000E+00,0.000000E+00,0.000000E+00,0.000000E+00,0.000000E+00,2.099722E+01,4.257139E+01,2.300104E+01,4.107180E+01
03:10:00,5.751220E+03,2.465374E+03,2.968011E-01,2.683596E-01,0.000000E+00,0.000000E+00,0.000000E+00,0.000000E+00,0.000000E+00,0.000000E+00,0.000000E+00,0.000000E+00,2.099722E+01,4.257139E+01,2.300104E+01,4.106359E+01
03:15:00,5.751219E+03,2.457313E+03,2.968011E-01,2.674821E-01,0.000000E+00,0.000000E+00,0.000000E+00,0.000000E+00,0.000000E+00,0.000000E+00,0.000000E+00,0.000000E+00,2.099722E+01,4.257139E+01,2.300104E+01,4.105532E+01
03:20:00,5.751219E+03,2.449263E+03,2.968011E-01,2.666059E-01,0.000000E+00,0.000000E+00,0.000000E+00,0.000000E+00,0.000000E+00,0.000000E+00,0.000000E+00,0.000000E+00,2.099722E+01,4.257139E+01,2.300103E+01,4.104707E+01
03:25:00,5.751218E+03,2.441223E+03,2.968010E-01,2.657308E-01,0.000000E+00,0.000000E+00,0.000000E+00,0.000000E+00,0.000000E+00,0.000000E+00,0.000000E+00,0.000000E+00,2.099722E+01,4.257139E+01,2.300103E+01,4.103874E+01
03:30:00,5.751217E+03,2.433191E+03,2.968010E-01,2.648565E-01,0.000000E+00,0.000000E+00,0.000000E+00,0.000000E+00,0.000000E+00,0.000000E+00,0.000000E+00,0.000000E+00,2.099722E+01,4.257139E+01,2.300103E+01,4.103041E+01
03:35:00,5.751217E+03,2.425166E+03,2.968010E-01,2.639829E-01,0.000000E+00,0.000000E+00,0.000000E+00,0.000000E+00,0.000000E+00,0.000000E+00,0.000000E+00,0.000000E+00,2.099722E+01,4.257139E+01,2.300103E+01,4.102201E+01
03:40:00,5.751216E+03,2.417146E+03,2.968009E-01,2.631101E-01,0.000000E+00,0.000000E+00,0.000000E+00,0.000000E+00,0.000000E+00,0.000000E+00,0.000000E+00,0.000000E+00,2.099722E+01,4.257139E+01,2.300103E+01,4.101361E+01
03:45:00,5.751216E+03,2.409132E+03,2.968009E-01,2.622377E-01,0.000000E+00,0.000000E+00,0.000000E+00,0.000000E+00,0.000000E+00,0.000000E+00,0.000000E+00,0.000000E+00,2.099722E+01,4.257139E+01,2.300103E+01,4.100514E+01
03:50:00,5.751215E+03,2.401123E+03,2.968009E-01,2.613659E-01,0.000000E+00,0.000000E+00,0.000000E+00,0.000000E+00,0.000000E+00,0.000000E+00,0.000000E+00,0.000000E+00,2.099722E+01,4.257139E+01,2.300103E+01,4.099666E+01
03:55:00,5.751214E+03,2.393118E+03,2.968008E-01,2.604945E-01,0.000000E+00,0.000000E+00,0.000000E+00,0.000000E+00,0.000000E+00,0.000000E+00,0.000000E+00,0.000000E+00,2.099722E+01,4.257139E+01,2.300103E+01,4.098811E+01
04:00:00,5.751214E+03,2.385116E+03,2.968008E-01,2.596236E-01,0.000000E+00,0.000000E+00,0.000000E+00,0.000000E+00,0.000000E+00,0.000000E+00,0.000000E+00,0.000000E+00,2.099722E+01,4.257139E+01,2.300103E+01,4.097955E+01
04:05:00,5.751213E+03,2.377223E+03,2.968008E-01,2.587644E-01,0.000000E+00,0.000000E+00,0.000000E+00,0.000000E+00,0.000000E+00,0.000000E+00,0.000000E+00,0.000000E+00,2.099722E+01,4.257139E+01,2.300103E+01,4.097091E+01
04:10:00,5.751213E+03,2.369505E+03,2.968008E-01,2.579243E-01,0.000000E+00,0.000000E+00,0.000000E+00,0.000000E+00,0.000000E+00,0.000000E+00,0.000000E+00,0.000000E+00,2.099722E+01,4.257139E+01,2.300103E+01,4.096249E+01
04:15:00,5.751212E+03,2.361882E+03,2.968007E-01,2.570946E-01,0.000000E+00,0.000000E+00,0.000000E+00,0.000000E+00,0.000000E+00,0.000000E+00,0.000000E+00,0.000000E+00,2.099722E+01,4.257139E+01,2.300103E+01,4.095440E+01
04:20:00,5.751211E+03,2.354433E+03,2.968007E-01,2.562838E-01,0.000000E+00,0.000000E+00,0.000000E+00,0.000000E+00,0.000000E+00,0.000000E+00,0.000000E+00,0.000000E+00,2.099722E+01,4.257139E+01,2.300103E+01,4.094661E+01
04:25:00,5.751211E+03,2.347083E+03,2.968007E-01,2.554837E-01,0.000000E+00,0.000000E+00,0.000000E+00,0.000000E+00,0.000000E+00,0.000000E+00,0.000000E+00,0.000000E+00,2.099722E+01,4.257139E+01,2.300103E+01,4.093903E+01
04:30:00,5.751210E+03,2.339910E+03,2.968006E-01,2.547029E-01,0.000000E+00,0.000000E+00,0.000000E+00,0.000000E+00,0.000000E+00,0.000000E+00,0.000000E+00,0.000000E+00,2.099722E+01,4.257139E+01,2.300103E+01,4.093160E+01
04:35:00,5.751210E+03,2.332838E+03,2.968006E-01,2.539332E-01,0.000000E+00,0.000000E+00,0.000000E+00,0.000000E+00,0.000000E+00,0.000000E+00,0.000000E+00,0.000000E+00,2.099722E+01,4.257139E+01,2.300103E+01,4.092426E+01
04:40:00,5.751209E+03,2.325947E+03,2.968006E-01,2.531830E-01,0.000000E+00,0.000000E+00,0.000000E+00,0.000000E+00,0.000000E+00,0.000000E+00,0.000000E+00,0.000000E+00,2.099722E+01,4.257139E+01,2.300103E+01,4.091698E+01
04:45:00,5.751208E+03,2.319160E+03,2.968005E-01,2.524443E-01,0.000000E+00,0.000000E+00,0.000000E+00,0.000000E+00,0.000000E+00,0.000000E+00,0.000000E+00,0.000000E+00,2.099722E+01,4.257139E+01,2.300103E+01,4.090975E+01
04:50:00,5.751208E+03,2.312555E+03,2.968005E-01,2.517254E-01,0.000000E+00,0.000000E+00,0.000000E+00,0.000000E+00,0.000000E+00,0.000000E+00,0.000000E+00,0.000000E+00,2.099722E+01,4.257139E+01,2.300103E+01,4.090254E+01
04:55:00,5.751207E+03,2.306057E+03,2.968005E-01,2.510181E-01,0.000000E+00,0.000000E+00,0.000000E+00,0.000000E+00,0.000000E+00,0.000000E+00,0.000000E+00,0.000000E+00,2.099722E+01,4.257139E+01,2.300103E+01,4.089536E+01
05:00:00,5.751207E+03,2.299744E+03,2.968005E-01,2.503308E-01,0.000000E+00,0.000000E+00,0.000000E+00,0.000000E+00,0.000000E+00,0.000000E+00,0.000000E+00,0.000000E+00,2.099722E+01,4.257139E+01,2.300102E+01,4.088819E+01
05:05:00,5.751206E+03,2.293862E+03,2.968004E-01,2.496906E-01,0.000000E+00,0.000000E+00,0.000000E+00,0.000000E+00,0.000000E+00,0.000000E+00,0.000000E+00,0.000000E+00,2.099722E+01,4.257138E+01,2.300102E+01,4.088102E+01
05:10:00,5.751205E+03,2.288478E+03,2.968004E-01,2.491046E-01,0.000000E+00,0.000000E+00,0.000000E+00,0.000000E+00,0.000000E+00,0.000000E+00,0.000000E+00,0.000000E+00,2.099722E+01,4.257138E+01,2.300103E+01,4.087474E+01
05:15:00,5.751205E+03,2.283618E+03,2.968004E-01,2.485755E-01,0.000000E+00,0.000000E+00,0.000000E+00,0.000000E+00,0.000000E+00,0.000000E+00,0.000000E+00,0.000000E+00,2.099722E+01,4.257138E+01,2.300103E+01,4.086981E+01
05:20:00,5.751204E+03,2.279147E+03,2.968003E-01,2.480889E-01,0.000000E+00,0.000000E+00,0.000000E+00,0.000000E+00,0.000000E+00,0.000000E+00,0.000000E+00,0.000000E+00,2.099722E+01,4.257138E+01,2.300103E+01,4.086620E+01
05:25:00,5.751204E+03,2.275068E+03,2.968003E-01,2.476451E-01,0.000000E+00,0.000000E+00,0.000000E+00,0.000000E+00,0.000000E+00,0.000000E+00,0.000000E+00,0.000000E+00,2.099722E+01,4.257138E+01,2.300093E+01,4.086363E+01
05:30:00,5.751203E+03,2.271459E+03,2.968003E-01,2.472524E-01,0.000000E+00,0.000000E+00,0.000000E+00,0.000000E+00,0.000000E+00,0.000000E+00,0.000000E+00,0.000000E+00,2.099722E+01,4.257138E+01,2.300092E+01,4.086122E+01
05:35:00,5.751203E+03,2.268312E+03,2.968002E-01,2.469102E-01,0.000000E+00,0.000000E+00,0.000000E+00,0.000000E+00,0.000000E+00,0.000000E+00,0.000000E+00,0.000000E+00,2.099722E+01,4.257138E+01,2.300092E+01,4.085916E+01
05:40:00,5.751202E+03,2.265654E+03,2.968002E-01,2.466210E-01,0.000000E+00,0.000000E+00,0.000000E+00,0.000000E+00,0.000000E+00,0.000000E+00,0.000000E+00,0.000000E+00,2.099722E+01,4.257138E+01,2.300092E+01,4.085743E+01
05:45:00,5.751201E+03,2.263489E+03,2.968002E-01,2.463856E-01,0.000000E+00,0.000000E+00,0.000000E+00,0.000000E+00,0.000000E+00,0.000000E+00,0.000000E+00,0.000000E+00,2.099722E+01,4.257138E+01,2.300092E+01,4.085605E+01
05:50:00,5.751201E+03,2.261833E+03,2.968002E-01,2.462056E-01,0.000000E+00,0.000000E+00,0.000000E+00,0.000000E+00,0.000000E+00,0.000000E+00,0.000000E+00,0.000000E+00,2.099722E+01,4.257138E+01,2.300092E+01,4.085497E+01
05:55:00,5.751200E+03,2.260690E+03,2.968001E-01,2.460814E-01,0.000000E+00,0.000000E+00,0.000000E+00,0.000000E+00,0.000000E+00,0.000000E+00,0.000000E+00,0.000000E+00,2.099722E+01,4.257138E+01,2.300092E+01,4.085416E+01
06:00:00,5.751200E+03,2.260071E+03,2.968001E-01,2.460143E-01,0.000000E+00,0.000000E+00,0.000000E+00,0.000000E+00,0.000000E+00,0.000000E+00,0.000000E+00,0.000000E+00,2.099722E+01,4.257138E+01,2.300092E+01,4.085359E+01
06:05:00,5.651732E+03,2.283605E+03,2.916669E-01,2.485762E-01,0.000000E+00,0.000000E+00,0.000000E+00,0.000000E+00,0.000000E+00,0.000000E+00,0.000000E+00,0.000000E+00,2.099722E+01,4.257138E+01,2.300092E+01,4.085323E+01
06:10:00,5.552130E+03,2.308520E+03,2.865273E-01,2.512882E-01,0.000000E+00,0.000000E+00,0.000000E+00,0.000000E+00,0.000000E+00,0.000000E+00,0.000000E+00,0.000000E+00,2.099771E+01,4.289906E+01,2.300105E+01,4.148168E+01
06:15:00,5.452539E+03,2.334029E+03,2.813884E-01,2.540653E-01,0.000000E+00,0.000000E+00,0.000000E+00,0.000000E+00,0.000000E+00,0.000000E+00,0.000000E+00,0.000000E+00,2.099791E+01,4.337293E+01,2.300088E+01,4.237294E+01
06:20:00,5.352890E+03,2.360473E+03,2.762468E-01,2.569447E-01,0.000000E+00,0.000000E+00,0.000000E+00,0.000000E+00,0.000000E+00,0.000000E+00,0.000000E+00,0.000000E+00,2.099815E+01,4.381939E+01,2.300067E+01,4.318854E+01
06:25:00,5.253202E+03,2.387782E+03,2.711035E-01,2.599188E-01,0.000000E+00,0.000000E+00,0.000000E+00,0.000000E+00,0.000000E+00,0.000000E+00,0.000000E+00,0.000000E+00,2.099837E+01,4.417431E+01,2.300038E+01,4.381051E+01
06:30:00,5.153483E+03,2.415850E+03,2.659587E-01,2.629762E-01,0.000000E+00,0.000000E+00,0.000000E+00,0.000000E+00,0.000000E+00,0.000000E+00,0.000000E+00,0.000000E+00,2.099856E+01,4.444026E+01,2.300014E+01,4.425271E+01
06:35:00,5.053739E+03,2.444662E+03,2.608127E-01,2.661149E-01,0.000000E+00,0.000000E+00,0.000000E+00,0.000000E+00,0.000000E+00,0.000000E+00,0.000000E+00,0.000000E+00,2.099870E+01,4.463947E+01,2.299997E+01,4.456572E+01
06:40:00,4.953976E+03,2.474163E+03,2.556659E-01,2.693290E-01,0.000000E+00,0.000000E+00,0.000000E+00,0.000000E+00,0.000000E+00,0.000000E+00,0.000000E+00,0.000000E+00,2.099881E+01,4.479190E+01,2.299985E+01,4.479268E+01
06:45:00,4.854197E+03,2.504334E+03,2.505184E-01,2.726162E-01,0.000000E+00,0.000000E+00,0.000000E+00,0.000000E+00,0.000000E+00,0.000000E+00,0.000000E+00,0.000000E+00,2.099889E+01,4.491076E+01,2.299976E+01,4.496105E+01
06:50:00,4.754405E+03,2.535137E+03,2.453702E-01,2.759725E-01,0.000000E+00,0.000000E+00,0.000000E+00,0.000000E+00,0.000000E+00,0.000000E+00,0.000000E+00,0.000000E+00,2.099895E+01,4.500419E+01,2.299969E+01,4.508713E+01
06:55:00,4.654602E+03,2.566558E+03,2.402216E-01,2.793962E-01,0.000000E+00,0.000000E+00,0.000000E+00,0.000000E+00,0.000000E+00,0.000000E+00,0.000000E+00,0.000000E+00,2.099900E+01,4.507767E+01,2.299964E+01,4.518136E+01
07:00:00,4.554791E+03,2.598570E+03,2.350725E-01,2.828844E-01,0.000000E+00,0.000000E+00,0.000000E+00,0.000000E+00,0.000000E+00,0.000000E+00,0.000000E+00,0.000000E+00,2.099904E+01,4.513535E+01,2.299961E+01,4.525127E+01
07:05:00,4.554439E+03,2.607862E+03,2.350563E-01,2.838994E-01,0.000000E+00,0.000000E+00,0.000000E+00,0.000000E+00,0.000000E+00,0.000000E+00,0.000000E+00,0.000000E+00,2.099907E+01,4.518052E+01,2.299958E+01,4.530272E+01
07:10:00,4.554215E+03,2.617171E+03,2.350461E-01,2.849167E-01,0.000000E+00,0.000000E+00,0.000000E+00,0.000000E+00,0.000000E+00,0.000000E+00,0.000000E+00,0.000000E+00,2.099909E+01,4.521586E+01,2.299955E+01,4.533980E+01
07:15:00,4.553977E+03,2.627277E+03,2.350351E-01,2.860204E-01,0.000000E+00,0.000000E+00,0.000000E+00,0.000000E+00,0.000000E+00,0.000000E+00,0.000000E+00,0.000000E+00,2.099911E+01,4.524351E+01,2.299954E+01,4.536577E+01
07:20:00,4.553791E+03,2.637996E+03,2.350265E-01,2.871904E-01,0.000000E+00,0.000000E+00,0.000000E+00,0.000000E+00,0.000000E+00,0.000000E+00,0.000000E+00,0.000000E+00,2.099912E+01,4.526515E+01,2.299952E+01,4.538329E+01
07:25:00,4.553641E+03,2.649407E+03,2.350195E-01,2.884350E-01,0.000000E+00,0.000000E+00,0.000000E+00,0.000000E+00,0.000000E+00,0.000000E+00,0.000000E+00,0.000000E+00,2.099913E+01,4.528207E+01,2.299951E+01,4.539448E+01
07:30:00,4.553520E+03,2.661565E+03,2.350139E-01,2.897602E-01,0.000000E+00,0.000000E+00,0.000000E+00,0.000000E+00,0.000000E+00,0.000000E+00,0.000000E+00,0.000000E+00,2.099914E+01,4.529532E+01,2.299950E+01,4.540095E+01
07:35:00,4.553421E+03,2.674492E+03,2.350092E-01,2.911689E-01,0.000000E+00,0.000000E+00,0.000000E+00,0.000000E+00,0.000000E+00,0.000000E+00,0.000000E+00,0.000000E+00,2.099915E+01,4.530570E+01,2.299950E+01,4.540388E+01
07:40:00,4.553339E+03,2.688234E+03,2.350053E-01,2.926658E-01,0.000000E+00,0.000000E+00,0.000000E+00,0.000000E+00,0.000000E+00,0.000000E+00,0.000000E+00,0.000000E+00,2.099916E+01,4.531381E+01,2.299949E+01,4.540418E+01
07:45:00,4.553271E+03,2.702810E+03,2.350021E-01,2.942535E-01,0.000000E+00,0.000000E+00,0.000000E+00,0.000000E+00,0.000000E+00,0.000000E+00,0.000000E+00,0.000000E+00,2.099916E+01,4.532017E+01,2.299949E+01,4.540254E+01
07:50:00,4.553215E+03,2.718254E+03,2.349995E-01,2.959354E-01,0.000000E+00,0.000000E+00,0.000000E+00,0.000000E+00,0.000000E+00,0.000000E+00,0.000000E+00,0.000000E+00,2.099916E+01,4.532514E+01,2.299949E+01,4.539945E+01
07:55:00,4.553168E+03,2.734581E+03,2.349972E-01,2.977133E-01,0.000000E+00,0.000000E+00,0.000000E+00,0.000000E+00,0.000000E+00,0.000000E+00,0.000000E+00,0.000000E+00,2.099917E+01,4.532903E+01,2.299949E+01,4.539530E+01
08:00:00,4.553129E+03,2.751816E+03,2.349953E-01,2.995901E-01,0.000000E+00,0.000000E+00,0.000000E+00,0.000000E+00,0.000000E+00,0.000000E+00,0.000000E+00,0.000000E+00,2.099917E+01,4.533208E+01,2.299948E+01,4.539037E+01
08:05:00,4.553096E+03,2.769366E+03,2.349937E-01,3.015010E-01,0.000000E+00,0.000000E+00,0.000000E+00,0.000000E+00,0.000000E+00,0.000000E+00,0.000000E+00,0.000000E+00,2.099917E+01,4.533446E+01,2.299948E+01,4.538487E+01
08:10:00,4.553069E+03,2.787229E+03,2.349924E-01,3.034459E-01,0.000000E+00,0.000000E+00,0.000000E+00,0.000000E+00,0.000000E+00,0.000000E+00,0.000000E+00,0.000000E+00,2.099917E+01,4.533632E+01,2.299948E+01,4.537887E+01
08:15:00,4.553045E+03,2.805398E+03,2.349913E-01,3.054241E-01,0.000000E+00,0.000000E+00,0.000000E+00,0.000000E+00,0.000000E+00,0.000000E+00,0.000000E+00,0.000000E+00,2.099917E+01,4.533778E+01,2.299948E+01,4.537244E+01
08:20:00,4.553025E+03,2.823864E+03,2.349903E-01,3.074347E-01,0.000000E+00,0.000000E+00,0.000000E+00,0.000000E+00,0.000000E+00,0.000000E+00,0.000000E+00,0.000000E+00,2.099917E+01,4.533893E+01,2.299948E+01,4.536568E+01
08:25:00,4.553008E+03,2.842623E+03,2.349895E-01,3.094770E-01,0.000000E+00,0.000000E+00,0.000000E+00,0.000000E+00,0.000000E+00,0.000000E+00,0.000000E+00,0.000000E+00,2.099917E+01,4.533982E+01,2.299948E+01,4.535869E+01
08:30:00,4.552994E+03,2.861659E+03,2.349887E-01,3.115496E-01,0.000000E+00,0.000000E+00,0.000000E+00,0.000000E+00,0.000000E+00,0.000000E+00,0.000000E+00,0.000000E+00,2.099917E+01,4.534051E+01,2.299948E+01,4.535153E+01
08:35:00,4.552981E+03,2.880978E+03,2.349881E-01,3.136529E-01,0.000000E+00,0.000000E+00,0.000000E+00,0.000000E+00,0.000000E+00,0.000000E+00,0.000000E+00,0.000000E+00,2.099917E+01,4.534106E+01,2.299948E+01,4.534428E+01
08:40:00,4.552970E+03,2.900574E+03,2.349876E-01,3.157863E-01,0.000000E+00,0.000000E+00,0.000000E+00,0.000000E+00,0.000000E+00,0.000000E+00,0.000000E+00,0.000000E+00,2.099917E+01,4.534149E+01,2.299948E+01,4.533697E+01
08:45:00,4.552961E+03,2.920446E+03,2.349871E-01,3.179499E-01,0.000000E+00,0.000000E+00,0.000000E+00,0.000000E+00,0.000000E+00,0.000000E+00,0.000000E+00,0.000000E+00,2.099918E+01,4.534183E+01,2.299948E+01,4.532963E+01
08:50:00,4.552953E+03,2.940594E+03,2.349867E-01,3.201435E-01,0.000000E+00,0.000000E+00,0.000000E+00,0.000000E+00,0.000000E+00,0.000000E+00,0.000000E+00,0.000000E+00,2.099918E+01,4.534208E+01,2.299948E+01,4.532229E+01
08:55:00,4.552945E+03,2.961017E+03,2.349863E-01,3.223670E-01,0.000000E+00,0.000000E+00,0.000000E+00,0.000000E+00,0.000000E+00,0.000000E+00,0.000000E+00,0.000000E+00,2.099918E+01,4.534229E+01,2.299948E+01,4.531496E+01
09:00:00,4.552939E+03,2.981715E+03,2.349860E-01,3.246203E-01,0.000000E+00,0.000000E+00,0.000000E+00,0.000000E+00,0.000000E+00,0.000000E+00,0.000000E+00,0.000000E+00,2.099918E+01,4.534245E+01,2.299948E+01,4.530766E+01
09:05:00,4.552933E+03,3.002396E+03,2.349857E-01,3.268720E-01,0.000000E+00,0.000000E+00,0.000000E+00,0.000000E+00,0.000000E+00,0.000000E+00,0.000000E+00,0.000000E+00,2.099918E+01,4.534257E+01,2.299947E+01,4.530039E+01
09:10:00,4.552927E+03,3.023041E+03,2.349854E-01,3.291195E-01,0.000000E+00,0.000000E+00,0.000000E+00,0.000000E+00,0.000000E+00,0.000000E+00,0.000000E+00,0.000000E+00,2.099918E+01,4.534267E+01,2.299947E+01,4.529325E+01
09:15:00,4.552923E+03,3.043639E+03,2.349852E-01,3.313622E-01,0.000000E+00,0.000000E+00,0.000000E+00,0.000000E+00,0.000000E+00,0.000000E+00,0.000000E+00,0.000000E+00,2.099918E+01,4.534275E+01,2.299947E+01,4.528628E+01
09:20:00,4.552918E+03,3.064181E+03,2.349849E-01,3.335985E-01,0.000000E+00,0.000000E+00,0.000000E+00,0.000000E+00,0.000000E+00,0.000000E+00,0.000000E+00,0.000000E+00,2.099918E+01,4.534281E+01,2.299947E+01,4.527948E+01
09:25:00,4.552914E+03,3.084660E+03,2.349847E-01,3.358281E-01,0.000000E+00,0.000000E+00,0.000000E+00,0.000000E+00,0.000000E+00,0.000000E+00,0.000000E+00,0.000000E+00,2.099918E+01,4.534285E+01,2.299947E+01,4.527282E+01
09:30:00,4.552910E+03,3.105068E+03,2.349845E-01,3.380499E-01,0.000000E+00,0.000000E+00,0.000000E+00,0.000000E+00,0.000000E+00,0.000000E+00,0.000000E+00,0.000000E+00,2.099918E+01,4.534289E+01,2.299947E+01,4.526627E+01
09:35:00,4.552907E+03,3.125401E+03,2.349844E-01,3.402636E-01,0.000000E+00,0.000000E+00,0.000000E+00,0.000000E+00,0.000000E+00,0.000000E+00,0.000000E+00,0.000000E+00,2.099918E+01,4.534292E+01,2.299947E+01,4.525982E+01
09:40:00,4.552904E+03,3.145655E+03,2.349842E-01,3.424687E-01,0.000000E+00,0.000000E+00,0.000000E+00,0.000000E+00,0.000000E+00,0.000000E+00,0.000000E+00,0.000000E+00,2.099918E+01,4.534294E+01,2.299947E+01,4.525345E+01
09:45:00,4.552901E+03,3.165827E+03,2.349841E-01,3.446648E-01,0.000000E+00,0.000000E+00,0.000000E+00,0.000000E+00,0.000000E+00,0.000000E+00,0.000000E+00,0.000000E+00,2.099918E+01,4.534296E+01,2.299947E+01,4.524715E+01
09:50:00,4.552898E+03,3.185912E+03,2.349839E-01,3.468515E-01,0.000000E+00,0.000000E+00,0.000000E+00,0.000000E+00,0.000000E+00,0.000000E+00,0.000000E+00,0.000000E+00,2.099918E+01,4.534297E+01,2.299947E+01,4.524092E+01
09:55:00,4.552896E+03,3.205910E+03,2.349838E-01,3.490287E-01,0.000000E+00,0.000000E+00,0.000000E+00,0.000000E+00,0.000000E+00,0.000000E+00,0.000000E+00,0.000000E+00,2.099918E+01,4.534298E+01,2.299947E+01,4.523475E+01
10:00:00,4.552893E+03,3.225817E+03,2.349837E-01,3.511960E-01,0.000000E+00,0.000000E+00,0.000000E+00,0.000000E+00,0.000000E+00,0.000000E+00,0.000000E+00,0.000000E+00,2.099918E+01,4.534299E+01,2.299947E+01,4.522864E+01
10:05:00,4.552891E+03,3.245634E+03,2.349835E-01,3.533535E-01,0.000000E+00,0.000000E+00,0.000000E+00,0.000000E+00,0.000000E+00,0.000000E+00,0.000000E+00,0.000000E+00,2.099918E+01,4.534299E+01,2.299947E+01,4.522258E+01
10:10:00,4.552889E+03,3.265357E+03,2.349834E-01,3.555008E-01,0.000000E+00,0.000000E+00,0.000000E+00,0.000000E+00,0.000000E+00,0.000000E+00,0.000000E+00,0.000000E+00,2.099918E+01,4.534300E+01,2.299947E+01,4.521666E+01
10:15:00,4.552886E+03,3.284987E+03,2.349833E-01,3.576378E-01,0.000000E+00,0.000000E+00,0.000000E+00,0.000000E+00,0.000000E+00,0.000000E+00,0.000000E+00,0.000000E+00,2.099918E+01,4.534300E+01,2.299947E+01,4.521089E+01
10:20:00,4.552885E+03,3.304521E+03,2.349832E-01,3.597646E-01,0.000000E+00,0.000000E+00,0.000000E+00,0.000000E+00,0.000000E+00,0.000000E+00,0.000000E+00,0.000000E+00,2.099918E+01,4.534300E+01,2.299947E+01,4.520528E+01
10:25:00,4.552883E+03,3.323959E+03,2.349831E-01,3.618809E-01,0.000000E+00,0.000000E+00,0.000000E+00,0.000000E+00,0.000000E+00,0.000000E+00,0.000000E+00,0.000000E+00,2.099918E+01,4.534301E+01,2.299947E+01,4.519980E+01
10:30:00,4.552881E+03,3.343301E+03,2.349830E-01,3.639866E-01,0.000000E+00,0.000000E+00,0.000000E+00,0.000000E+00,0.000000E+00,0.000000E+00,0.000000E+00,0.000000E+00,2.099918E+01,4.534301E+01,2.299947E+01,4.519441E+01
10:35:00,4.552879E+03,3.362546E+03,2.349829E-01,3.660818E-01,0.000000E+00,0.000000E+00,0.000000E+00,0.000000E+00,0.000000E+00,0.000000E+00,0.000000E+00,0.000000E+00,2.099918E+01,4.534301E+01,2.299947E+01,4.518909E+01
10:40:00,4.552877E+03,3.381693E+03,2.349828E-01,3.681664E-01,0.000000E+00,0.000000E+00,0.000000E+00,0.000000E+00,0.000000E+00,0.000000E+00,0.000000E+00,0.000000E+00,2.099918E+01,4.534301E+01,2.299947E+01,4.518384E+01
10:45:00,4.552876E+03,3.400742E+03,2.349828E-01,3.702402E-01,0.000000E+00,0.000000E+00,0.000000E+00,0.000000E+00,0.000000E+00,0.000000E+00,0.000000E+00,0.000000E+00,2.099918E+01,4.534301E+01,2.299947E+01,4.517864E+01
10:50:00,4.552874E+03,3.419691E+03,2.349827E-01,3.723033E-01,0.000000E+00,0.000000E+00,0.000000E+00,0.000000E+00,0.000000E+00,0.000000E+00,0.000000E+00,0.000000E+00,2.099918E+01,4.534301E+01,2.299947E+01,4.517350E+01
10:55:00,4.552873E+03,3.438542E+03,2.349826E-01,3.743555E-01,0.000000E+00,0.000000E+00,0.000000E+00,0.000000E+00,0.000000E+00,0.000000E+00,0.000000E+00,0.000000E+00,2.099918E+01,4.534301E+01,2.299947E+01,4.516839E+01
11:00:00,4.552871E+03,3.457292E+03,2.349825E-01,3.763969E-01,0.000000E+00,0.000000E+00,0.000000E+00,0.000000E+00,0.000000E+00,0.000000E+00,0.000000E+00,0.000000E+00,2.099918E+01,4.534301E+01,2.299947E+01,4.516333E+01
11:05:00,4.552870E+03,3.475680E+03,2.349825E-01,3.783988E-01,0.000000E+00,0.000000E+00,0.000000E+00,0.000000E+00,0.000000E+00,0.000000E+00,0.000000E+00,0.000000E+00,2.099918E+01,4.534301E+01,2.299947E+01,4.515831E+01
11:10:00,4.552868E+03,3.493725E+03,2.349824E-01,3.803634E-01,0.000000E+00,0.000000E+00,0.000000E+00,0.000000E+00,0.000000E+00,0.000000E+00,0.000000E+00,0.000000E+00,2.099918E+01,4.534301E+01,2.299947E+01,4.515353E+01
11:15:00,4.552867E+03,3.511422E+03,2.349823E-01,3.822901E-01,0.000000E+00,0.000000E+00,0.000000E+00,0.000000E+00,0.000000E+00,0.000000E+00,0.000000E+00,0.000000E+00,2.099918E+01,4.534301E+01,2.299947E+01,4.514908E+01
11:20:00,4.552866E+03,3.528762E+03,2.349822E-01,3.841779E-01,0.000000E+00,0.000000E+00,0.000000E+00,0.000000E+00,0.000000E+00,0.000000E+00,0.000000E+00,0.000000E+00,2.099918E+01,4.534301E+01,2.299947E+01,4.514489E+01
11:25:00,4.552865E+03,3.545741E+03,2.349822E-01,3.860264E-01,0.000000E+00,0.000000E+00,0.000000E+00,0.000000E+00,0.000000E+00,0.000000E+00,0.000000E+00,0.000000E+00,2.099918E+01,4.534301E+01,2.299947E+01,4.514090E+01
11:30:00,4.552863E+03,3.562349E+03,2.349821E-01,3.878345E-01,0.000000E+00,0.000000E+00,0.000000E+00,0.000000E+00,0.000000E+00,0.000000E+00,0.000000E+00,0.000000E+00,2.099918E+01,4.534301E+01,2.299947E+01,4.513704E+01
11:35:00,4.552862E+03,3.578583E+03,2.349821E-01,3.896020E-01,0.000000E+00,0.000000E+00,0.000000E+00,0.000000E+00,0.000000E+00,0.000000E+00,0.000000E+00,0.000000E+00,2.099918E+01,4.534301E+01,2.299947E+01,4.513329E+01
11:40:00,4.552861E+03,3.594437E+03,2.349820E-01,3.913280E-01,0.000000E+00,0.000000E+00,0.000000E+00,0.000000E+00,0.000000E+00,0.000000E+00,0.000000E+00,0.000000E+00,2.099918E+01,4.534301E+01,2.299947E+01,4.512961E+01
11:45:00,4.552860E+03,3.609908E+03,2.349819E-01,3.930124E-01,0.000000E+00,0.000000E+00,0.000000E+00,0.000000E+00,0.000000E+00,0.000000E+00,0.000000E+00,0.000000E+00,2.099918E+01,4.534301E+01,2.299947E+01,4.512599E+01
11:50:00,4.552859E+03,3.624991E+03,2.349819E-01,3.946544E-01,0.000000E+00,0.000000E+00,0.000000E+00,0.000000E+00,0.000000E+00,0.000000E+00,0.000000E+00,0.000000E+00,2.099918E+01,4.534301E+01,2.299947E+01,4.512242E+01
11:55:00,4.552858E+03,3.639682E+03,2.349818E-01,3.962538E-01,0.000000E+00,0.000000E+00,0.000000E+00,0.000000E+00,0.000000E+00,0.000000E+00,0.000000E+00,0.000000E+00,2.099918E+01,4.534301E+01,2.299947E+01,4.511889E+01
12:00:00,4.552857E+03,3.653977E+03,2.349818E-01,3.978101E-01,0.000000E+00,0.000000E+00,0.000000E+00,0.000000E+00,0.000000E+00,0.000000E+00,0.000000E+00,0.000000E+00,2.099918E+01,4.534301E+01,2.299947E+01,4.511540E+01
12:05:00,4.552856E+03,3.668143E+03,2.349817E-01,3.993524E-01,0.000000E+00,0.000000E+00,0.000000E+00,0.000000E+00,0.000000E+00,0.000000E+00,0.000000E+00,0.000000E+00,2.099918E+01,4.534301E+01,2.299947E+01,4.511194E+01
12:10:00,4.552855E+03,3.682150E+03,2.349817E-01,4.008774E-01,0.000000E+00,0.000000E+00,0.000000E+00,0.000000E+00,0.000000E+00,0.000000E+00,0.000000E+00,0.000000E+00,2.099918E+01,4.534301E+01,2.299947E+01,4.510856E+01
12:15:00,4.552854E+03,3.696000E+03,2.349816E-01,4.023852E-01,0.000000E+00,0.000000E+00,0.000000E+00,0.000000E+00,0.000000E+00,0.000000E+00,0.000000E+00,0.000000E+00,2.099918E+01,4.534301E+01,2.299947E+01,4.510531E+01
12:20:00,4.552853E+03,3.709696E+03,2.349816E-01,4.038763E-01,0.000000E+00,0.000000E+00,0.000000E+00,0.000000E+00,0.000000E+00,0.000000E+00,0.000000E+00,0.000000E+00,2.099918E+01,4.534301E+01,2.299947E+01,4.510217E+01
12:25:00,4.552852E+03,3.723241E+03,2.349815E-01,4.053509E-01,0.000000E+00,0.000000E+00,0.000000E+00,0.000000E+00,0.000000E+00,0.000000E+00,0.000000E+00,0.000000E+00,2.099918E+01,4.534300E+01,2.299947E+01,4.509911E+01
12:30:00,4.552851E+03,3.736638E+03,2.349815E-01,4.068095E-01,0.000000E+00,0.000000E+00,0.000000E+00,0.000000E+00,0.000000E+00,0.000000E+00,0.000000E+00,0.000000E+00,2.099918E+01,4.534300E+01,2.299947E+01,4.509611E+01
12:35:00,4.552850E+03,3.749889E+03,2.349814E-01,4.082521E-01,0.000000E+00,0.000000E+00,0.000000E+00,0.000000E+00,0.000000E+00,0.000000E+00,0.000000E+00,0.000000E+00,2.099918E+01,4.534300E+01,2.299947E+01,4.509315E+01
12:40:00,4.552849E+03,3.762995E+03,2.349814E-01,4.096790E-01,0.000000E+00,0.000000E+00,0.000000E+00,0.000000E+00,0.000000E+00,0.000000E+00,0.000000E+00,0.000000E+00,2.099918E+01,4.534300E+01,2.299947E+01,4.509023E+01
12:45:00,4.552848E+03,3.775956E+03,2.349813E-01,4.110901E-01,0.000000E+00,0.000000E+00,0.000000E+00,0.000000E+00,0.000000E+00,0.000000E+00,0.000000E+00,0.000000E+00,2.099918E+01,4.534300E+01,2.299947E+01,4.508733E+01
12:50:00,4.552847E+03,3.788774E+03,2.349813E-01,4.124855E-01,0.000000E+00,0.000000E+00,0.000000E+00,0.000000E+00,0.000000E+00,0.000000E+00,0.000000E+00,0.000000E+00,2.099918E+01,4.534300E+01,2.299947E+01,4.508446E+01
12:55:00,4.552847E+03,3.801448E+03,2.349813E-01,4.138654E-01,0.000000E+00,0.000000E+00,0.000000E+00,0.000000E+00,0.000000E+00,0.000000E+00,0.000000E+00,0.000000E+00,2.099918E+01,4.534300E+01,2.299947E+01,4.508161E+01
13:00:00,4.552846E+03,3.813978E+03,2.349812E-01,4.152296E-01,0.000000E+00,0.000000E+00,0.000000E+00,0.000000E+00,0.000000E+00,0.000000E+00,0.000000E+00,0.000000E+00,2.099918E+01,4.534300E+01,2.299947E+01,4.507878E+01
13:05:00,4.552845E+03,3.826296E+03,2.349812E-01,4.165706E-01,0.000000E+00,0.000000E+00,0.000000E+00,0.000000E+00,0.000000E+00,0.000000E+00,0.000000E+00,0.000000E+00,2.099918E+01,4.534300E+01,2.299947E+01,4.507596E+01
13:10:00,4.552844E+03,3.838392E+03,2.349811E-01,4.178874E-01,0.000000E+00,0.000000E+00,0.000000E+00,0.000000E+00,0.000000E+00,0.000000E+00,0.000000E+00,0.000000E+00,2.099918E+01,4.534300E+01,2.299947E+01,4.507325E+01
13:15:00,4.552843E+03,3.850262E+03,2.349811E-01,4.191798E-01,0.000000E+00,0.000000E+00,0.000000E+00,0.000000E+00,0.000000E+00,0.000000E+00,0.000000E+00,0.000000E+00,2.099918E+01,4.534300E+01,2.299947E+01,4.507069E+01
13:20:00,4.552843E+03,3.861903E+03,2.349810E-01,4.204471E-01,0.000000E+00,0.000000E+00,0.000000E+00,0.000000E+00,0.000000E+00,0.000000E+00,0.000000E+00,0.000000E+00,2.099918E+01,4.534300E+01,2.299947E+01,4.506827E+01
13:25:00,4.552842E+03,3.873311E+03,2.349810E-01,4.216892E-01,0.000000E+00,0.000000E+00,0.000000E+00,0.000000E+00,0.000000E+00,0.000000E+00,0.000000E+00,0.000000E+00,2.099918E+01,4.534300E+01,2.299947E+01,4.506595E+01
13:30:00,4.552841E+03,3.884483E+03,2.349810E-01,4.229055E-01,0.000000E+00,0.000000E+00,0.000000E+00,0.000000E+00,0.000000E+00,0.000000E+00,0.000000E+00,0.000000E+00,2.099918E+01,4.534300E+01,2.299947E+01,4.506371E+01
13:35:00,4.552840E+03,3.895417E+03,2.349809E-01,4.240958E-01,0.000000E+00,0.000000E+00,0.000000E+00,0.000000E+00,0.000000E+00,0.000000E+00,0.000000E+00,0.000000E+00,2.099918E+01,4.534300E+01,2.299947E+01,4.506151E+01
13:40:00,4.552840E+03,3.906108E+03,2.349809E-01,4.252598E-01,0.000000E+00,0.000000E+00,0.000000E+00,0.000000E+00,0.000000E+00,0.000000E+00,0.000000E+00,0.000000E+00,2.099918E+01,4.534300E+01,2.299947E+01,4.505936E+01
13:45:00,4.552839E+03,3.916556E+03,2.349809E-01,4.263973E-01,0.000000E+00,0.000000E+00,0.000000E+00,0.000000E+00,0.000000E+00,0.000000E+00,0.000000E+00,0.000000E+00,2.099918E+01,4.534300E+01,2.299947E+01,4.505723E+01
13:50:00,4.552838E+03,3.926756E+03,2.349808E-01,4.275078E-01,0.000000E+00,0.000000E+00,0.000000E+00,0.000000E+00,0.000000E+00,0.000000E+00,0.000000E+00,0.000000E+00,2.099918E+01,4.534300E+01,2.299947E+01,4.505512E+01
13:55:00,4.552838E+03,3.936708E+03,2.349808E-01,4.285912E-01,0.000000E+00,0.000000E+00,0.000000E+00,0.000000E+00,0.000000E+00,0.000000E+00,0.000000E+00,0.000000E+00,2.099918E+01,4.534300E+01,2.299947E+01,4.505304E+01
14:00:00,4.552837E+03,3.946407E+03,2.349808E-01,4.296472E-01,0.000000E+00,0.000000E+00,0.000000E+00,0.000000E+00,0.000000E+00,0.000000E+00,0.000000E+00,0.000000E+00,2.099918E+01,4.534300E+01,2.299947E+01,4.505098E+01
14:05:00,4.552836E+03,3.955706E+03,2.349807E-01,4.306595E-01,0.000000E+00,0.000000E+00,0.000000E+00,0.000000E+00,0.000000E+00,0.000000E+00,0.000000E+00,0.000000E+00,2.099918E+01,4.534300E+01,2.299947E+01,4.504893E+01
14:10:00,4.552836E+03,3.964596E+03,2.349807E-01,4.316274E-01,0.000000E+00,0.000000E+00,0.000000E+00,0.000000E+00,0.000000E+00,0.000000E+00,0.000000E+00,0.000000E+00,2.099918E+01,4.534300E+01,2.299947E+01,4.504704E+01
14:15:00,4.552835E+03,3.973069E+03,2.349807E-01,4.325498E-01,0.000000E+00,0.000000E+00,0.000000E+00,0.000000E+00,0.000000E+00,0.000000E+00,0.000000E+00,0.000000E+00,2.099918E+01,4.534300E+01,2.299947E+01,4.504540E+01
14:20:00,4.552834E+03,3.981114E+03,2.349806E-01,4.334257E-01,0.000000E+00,0.000000E+00,0.000000E+00,0.000000E+00,0.000000E+00,0.000000E+00,0.000000E+00,0.000000E+00,2.099918E+01,4.534300E+01,2.299947E+01,4.504397E+01
14:25:00,4.552834E+03,3.988726E+03,2.349806E-01,4.342544E-01,0.000000E+00,0.000000E+00,0.000000E+00,0.000000E+00,0.000000E+00,0.000000E+00,0.000000E+00,0.000000E+00,2.099918E+01,4.534300E+01,2.299947E+01,4.504269E+01
14:30:00,4.552833E+03,3.995898E+03,2.349806E-01,4.350352E-01,0.000000E+00,0.000000E+00,0.000000E+00,0.000000E+00,0.000000E+00,0.000000E+00,0.000000E+00,0.000000E+00,2.099918E+01,4.534300E+01,2.299947E+01,4.504151E+01
14:35:00,4.552832E+03,4.002625E+03,2.349805E-01,4.357676E-01,0.000000E+00,0.000000E+00,0.000000E+00,0.000000E+00,0.000000E+00,0.000000E+00,0.000000E+00,0.000000E+00,2.099918E+01,4.534300E+01,2.299947E+01,4.504041E+01
14:40:00,4.552832E+03,4.008901E+03,2.349805E-01,4.364509E-01,0.000000E+00,0.000000E+00,0.000000E+00,0.000000E+00,0.000000E+00,0.000000E+00,0.000000E+00,0.000000E+00,2.099918E+01,4.534300E+01,2.299947E+01,4.503937E+01
14:45:00,4.552831E+03,4.014723E+03,2.349805E-01,4.370848E-01,0.000000E+00,0.000000E+00,0.000000E+00,0.000000E+00,0.000000E+00,0.000000E+00,0.000000E+00,0.000000E+00,2.099918E+01,4.534300E+01,2.299947E+01,4.503836E+01
14:50:00,4.552831E+03,4.020086E+03,2.349804E-01,4.376686E-01,0.000000E+00,0.000000E+00,0.000000E+00,0.000000E+00,0.000000E+00,0.000000E+00,0.000000E+00,0.000000E+00,2.099918E+01,4.534300E+01,2.299947E+01,4.503739E+01
14:55:00,4.552830E+03,4.024986E+03,2.349804E-01,4.382020E-01,0.000000E+00,0.000000E+00,0.000000E+00,0.000000E+00,0.000000E+00,0.000000E+00,0.000000E+00,0.000000E+00,2.099918E+01,4.534300E+01,2.299947E+01,4.503645E+01
15:00:00,4.552829E+03,4.029418E+03,2.349804E-01,4.386846E-01,0.000000E+00,0.000000E+00,0.000000E+00,0.000000E+00,0.000000E+00,0.000000E+00,0.000000E+00,0.000000E+00,2.099918E+01,4.534300E+01,2.299947E+01,4.503553E+01
15:05:00,4.552829E+03,4.033323E+03,2.349803E-01,4.391097E-01,0.000000E+00,0.000000E+00,0.000000E+00,0.000000E+00,0.000000E+00,0.000000E+00,0.000000E+00,0.000000E+00,2.099918E+01,4.534300E+01,2.299947E+01,4.503463E+01
15:10:00,4.552828E+03,4.036676E+03,2.349803E-01,4.394747E-01,0.000000E+00,0.000000E+00,0.000000E+00,0.000000E+00,0.000000E+00,0.000000E+00,0.000000E+00,0.000000E+00,2.099918E+01,4.534300E+01,2.299947E+01,4.503392E+01
15:15:00,4.552828E+03,4.039471E+03,2.349803E-01,4.397791E-01,0.000000E+00,0.000000E+00,0.000000E+00,0.000000E+00,0.000000E+00,0.000000E+00,0.000000E+00,0.000000E+00,2.099918E+01,4.534300E+01,2.299947E+01,4.503350E+01
15:20:00,4.552827E+03,4.041705E+03,2.349803E-01,4.400222E-01,0.000000E+00,0.000000E+00,0.000000E+00,0.000000E+00,0.000000E+00,0.000000E+00,0.000000E+00,0.000000E+00,2.099918E+01,4.534300E+01,2.299947E+01,4.503332E+01
15:25:00,4.552827E+03,4.043372E+03,2.349802E-01,4.402037E-01,0.000000E+00,0.000000E+00,0.000000E+00,0.000000E+00,0.000000E+00,0.000000E+00,0.000000E+00,0.000000E+00,2.099918E+01,4.534300E+01,2.299947E+01,4.503333E+01
15:30:00,4.552826E+03,4.044468E+03,2.349802E-01,4.403230E-01,0.000000E+00,0.000000E+00,0.000000E+00,0.000000E+00,0.000000E+00,0.000000E+00,0.000000E+00,0.000000E+00,2.099918E+01,4.534300E+01,2.299947E+01,4.503347E+01
15:35:00,4.552826E+03,4.044988E+03,2.349802E-01,4.403796E-01,0.000000E+00,0.000000E+00,0.000000E+00,0.000000E+00,0.000000E+00,0.000000E+00,0.000000E+00,0.000000E+00,2.099918E+01,4.534300E+01,2.299947E+01,4.503369E+01
15:40:00,4.552825E+03,4.044929E+03,2.349801E-01,4.403731E-01,0.000000E+00,0.000000E+00,0.000000E+00,0.000000E+00,0.000000E+00,0.000000E+00,0.000000E+00,0.000000E+00,2.099918E+01,4.534300E+01,2.299947E+01,4.503399E+01
15:45:00,4.552825E+03,4.044286E+03,2.349801E-01,4.403032E-01,0.000000E+00,0.000000E+00,0.000000E+00,0.000000E+00,0.000000E+00,0.000000E+00,0.000000E+00,0.000000E+00,2.099918E+01,4.534300E+01,2.299947E+01,4.503433E+01
15:50:00,4.552824E+03,4.043056E+03,2.349801E-01,4.401693E-01,0.000000E+00,0.000000E+00,0.000000E+00,0.000000E+00,0.000000E+00,0.000000E+00,0.000000E+00,0.000000E+00,2.099918E+01,4.534300E+01,2.299947E+01,4.503473E+01
15:55:00,4.552823E+03,4.041237E+03,2.349801E-01,4.399711E-01,0.000000E+00,0.000000E+00,0.000000E+00,0.000000E+00,0.000000E+00,0.000000E+00,0.000000E+00,0.000000E+00,2.099918E+01,4.534300E+01,2.299947E+01,4.503516E+01
16:00:00,4.552823E+03,4.038823E+03,2.349800E-01,4.397083E-01,0.000000E+00,0.000000E+00,0.000000E+00,0.000000E+00,0.000000E+00,0.000000E+00,0.000000E+00,0.000000E+00,2.099918E+01,4.534300E+01,2.299947E+01,4.503562E+01
16:05:00,4.552822E+03,4.036089E+03,2.349800E-01,4.394107E-01,0.000000E+00,0.000000E+00,0.000000E+00,0.000000E+00,0.000000E+00,0.000000E+00,0.000000E+00,0.000000E+00,2.099918E+01,4.534300E+01,2.299947E+01,4.503611E+01
16:10:00,4.552822E+03,4.033066E+03,2.349800E-01,4.390815E-01,0.000000E+00,0.000000E+00,0.000000E+00,0.000000E+00,0.000000E+00,0.000000E+00,0.000000E+00,0.000000E+00,2.099918E+01,4.534300E+01,2.299947E+01,4.503668E+01
16:15:00,4.552821E+03,4.029760E+03,2.349800E-01,4.387216E-01,0.000000E+00,0.000000E+00,0.000000E+00,0.000000E+00,0.000000E+00,0.000000E+00,0.000000E+00,0.000000E+00,2.099918E+01,4.534299E+01,2.299947E+01,4.503736E+01
16:20:00,4.552821E+03,4.026183E+03,2.349799E-01,4.383321E-01,0.000000E+00,0.000000E+00,0.000000E+00,0.000000E+00,0.000000E+00,0.000000E+00,0.000000E+00,0.000000E+00,2.099918E+01,4.534299E+01,2.299948E+01,4.503814E+01
16:25:00,4.552821E+03,4.022337E+03,2.349799E-01,4.379135E-01,0.000000E+00,0.000000E+00,0.000000E+00,0.000000E+00,0.000000E+00,0.000000E+00,0.000000E+00,0.000000E+00,2.099918E+01,4.534299E+01,2.299948E+01,4.503900E+01
16:30:00,4.552820E+03,4.018231E+03,2.349799E-01,4.374664E-01,0.000000E+00,0.000000E+00,0.000000E+00,0.000000E+00,0.000000E+00,0.000000E+00,0.000000E+00,0.000000E+00,2.099918E+01,4.534299E+01,2.299948E+01,4.503992E+01
16:35:00,4.552820E+03,4.013867E+03,2.349799E-01,4.369912E-01,0.000000E+00,0.000000E+00,0.000000E+00,0.000000E+00,0.000000E+00,0.000000E+00,0.000000E+00,0.000000E+00,2.099918E+01,4.534299E+01,2.299948E+01,4.504088E+01
16:40:00,4.552819E+03,4.009248E+03,2.349798E-01,4.364884E-01,0.000000E+00,0.000000E+00,0.000000E+00,0.000000E+00,0.000000E+00,0.000000E+00,0.000000E+00,0.000000E+00,2.099918E+01,4.534299E+01,2.299948E+01,4.504188E+01
16:45:00,4.552819E+03,4.004376E+03,2.349798E-01,4.359580E-01,0.000000E+00,0.000000E+00,0.000000E+00,0.000000E+00,0.000000E+00,0.000000E+00,0.000000E+00,0.000000E+00,2.099918E+01,4.534299E+01,2.299948E+01,4.504291E+01
16:50:00,4.552818E+03,3.999255E+03,2.349798E-01,4.354004E-01,0.000000E+00,0.000000E+00,0.000000E+00,0.000000E+00,0.000000E+00,0.000000E+00,0.000000E+00,0.000000E+00,2.099918E+01,4.534299E+01,2.299948E+01,4.504397E+01
16:55:00,4.552818E+03,3.993872E+03,2.349798E-01,4.348144E-01,0.000000E+00,0.000000E+00,0.000000E+00,0.000000E+00,0.000000E+00,0.000000E+00,0.000000E+00,0.000000E+00,2.099918E+01,4.534299E+01,2.299948E+01,4.504506E+01
17:00:00,4.552817E+03,3.988235E+03,2.349797E-01,4.342007E-01,0.000000E+00,0.000000E+00,0.000000E+00,0.000000E+00,0.000000E+00,0.000000E+00,0.000000E+00,0.000000E+00,2.099918E+01,4.534299E+01,2.299948E+01,4.504618E+01
17:05:00,4.552817E+03,3.982343E+03,2.349797E-01,4.335592E-01,0.000000E+00,0.000000E+00,0.000000E+00,0.000000E+00,0.000000E+00,0.000000E+00,0.000000E+00,0.000000E+00,2.099918E+01,4.534299E+01,2.299948E+01,4.504732E+01
17:10:00,4.552816E+03,3.976199E+03,2.349797E-01,4.328902E-01,0.000000E+00,0.000000E+00,0.000000E+00,0.000000E+00,0.000000E+00,0.000000E+00,0.000000E+00,0.000000E+00,2.099918E+01,4.534299E+01,2.299948E+01,4.504855E+01
17:15:00,4.552816E+03,3.969802E+03,2.349797E-01,4.321939E-01,0.000000E+00,0.000000E+00,0.000000E+00,0.000000E+00,0.000000E+00,0.000000E+00,0.000000E+00,0.000000E+00,2.099918E+01,4.534299E+01,2.299948E+01,4.504989E+01
17:20:00,4.552816E+03,3.963155E+03,2.349797E-01,4.314701E-01,0.000000E+00,0.000000E+00,0.000000E+00,0.000000E+00,0.000000E+00,0.000000E+00,0.000000E+00,0.000000E+00,2.099918E+01,4.534299E+01,2.299948E+01,4.505134E+01
17:25:00,4.552815E+03,3.956256E+03,2.349796E-01,4.307190E-01,0.000000E+00,0.000000E+00,0.000000E+00,0.000000E+00,0.000000E+00,0.000000E+00,0.000000E+00,0.000000E+00,2.099918E+01,4.534299E+01,2.299948E+01,4.505286E+01
17:30:00,4.552815E+03,3.949106E+03,2.349796E-01,4.299406E-01,0.000000E+00,0.000000E+00,0.000000E+00,0.000000E+00,0.000000E+00,0.000000E+00,0.000000E+00,0.000000E+00,2.099918E+01,4.534299E+01,2.299948E+01,4.505444E+01
17:35:00,4.552814E+03,3.941705E+03,2.349796E-01,4.291349E-01,0.000000E+00,0.000000E+00,0.000000E+00,0.000000E+00,0.000000E+00,0.000000E+00,0.000000E+00,0.000000E+00,2.099918E+01,4.534299E+01,2.299948E+01,4.505608E+01
17:40:00,4.552814E+03,3.934053E+03,2.349796E-01,4.283018E-01,0.000000E+00,0.000000E+00,0.000000E+00,0.000000E+00,0.000000E+00,0.000000E+00,0.000000E+00,0.000000E+00,2.099918E+01,4.534299E+01,2.299948E+01,4.505775E+01
17:45:00,4.552813E+03,3.926149E+03,2.349795E-01,4.274412E-01,0.000000E+00,0.000000E+00,0.000000E+00,0.000000E+00,0.000000E+00,0.000000E+00,0.000000E+00,0.000000E+00,2.099918E+01,4.534299E+01,2.299948E+01,4.505946E+01
17:50:00,4.552813E+03,3.917992E+03,2.349795E-01,4.265532E-01,0.000000E+00,0.000000E+00,0.000000E+00,0.000000E+00,0.000000E+00,0.000000E+00,0.000000E+00,0.000000E+00,2.099918E+01,4.534299E+01,2.299948E+01,4.506121E+01
17:55:00,4.552813E+03,3.909596E+03,2.349795E-01,4.256391E-01,0.000000E+00,0.000000E+00,0.000000E+00,0.000000E+00,0.000000E+00,0.000000E+00,0.000000E+00,0.000000E+00,2.099918E+01,4.534299E+01,2.299948E+01,4.506299E+01
18:00:00,4.552812E+03,3.900951E+03,2.349795E-01,4.246979E-01,0.000000E+00,0.000000E+00,0.000000E+00,0.000000E+00,0.000000E+00,0.000000E+00,0.000000E+00,0.000000E+00,2.099918E+01,4.534299E+01,2.299948E+01,4.506479E+01
18:05:00,4.652279E+03,3.891798E+03,2.401132E-01,4.237013E-01,0.000000E+00,0.000000E+00,0.000000E+00,0.000000E+00,0.000000E+00,0.000000E+00,0.000000E+00,0.000000E+00,2.099918E+01,4.534299E+01,2.299948E+01,4.506663E+01
18:10:00,4.751795E+03,3.882154E+03,2.452491E-01,4.226514E-01,0.000000E+00,0.000000E+00,0.000000E+00,0.000000E+00,0.000000E+00,0.000000E+00,0.000000E+00,0.000000E+00,2.099900E+01,4.488624E+01,2.299948E+01,4.506869E+01
18:15:00,4.851363E+03,3.872016E+03,2.503875E-01,4.215477E-01,0.000000E+00,0.000000E+00,0.000000E+00,0.000000E+00,0.000000E+00,0.000000E+00,0.000000E+00,0.000000E+00,2.099872E+01,4.426185E+01,2.299948E+01,4.507102E+01
18:20:00,4.951007E+03,3.861371E+03,2.555292E-01,4.203888E-01,0.000000E+00,0.000000E+00,0.000000E+00,0.000000E+00,0.000000E+00,0.000000E+00,0.000000E+00,0.000000E+00,2.099834E+01,4.372080E+01,2.299948E+01,4.507359E+01
18:25:00,5.050706E+03,3.850215E+03,2.606733E-01,4.191742E-01,0.000000E+00,0.000000E+00,0.000000E+00,0.000000E+00,0.000000E+00,0.000000E+00,0.000000E+00,0.000000E+00,2.099799E+01,4.333862E+01,2.299948E+01,4.507635E+01
18:30:00,5.150444E+03,3.838540E+03,2.658191E-01,4.179030E-01,0.000000E+00,0.000000E+00,0.000000E+00,0.000000E+00,0.000000E+00,0.000000E+00,0.000000E+00,0.000000E+00,2.099774E+01,4.309119E+01,2.299948E+01,4.507924E+01
18:35:00,5.250208E+03,3.826340E+03,2.709660E-01,4.165748E-01,0.000000E+00,0.000000E+00,0.000000E+00,0.000000E+00,0.000000E+00,0.000000E+00,0.000000E+00,0.000000E+00,2.099757E+01,4.293202E+01,2.299948E+01,4.508224E+01
18:40:00,5.349992E+03,3.813610E+03,2.761138E-01,4.151889E-01,0.000000E+00,0.000000E+00,0.000000E+00,0.000000E+00,0.000000E+00,0.000000E+00,0.000000E+00,0.000000E+00,2.099746E+01,4.282552E+01,2.299948E+01,4.508533E+01
18:45:00,5.449790E+03,3.800346E+03,2.812623E-01,4.137448E-01,0.000000E+00,0.000000E+00,0.000000E+00,0.000000E+00,0.000000E+00,0.000000E+00,0.000000E+00,0.000000E+00,2.099739E+01,4.275117E+01,2.299949E+01,4.508851E+01
18:50:00,5.549599E+03,3.786544E+03,2.864112E-01,4.122421E-01,0.000000E+00,0.000000E+00,0.000000E+00,0.000000E+00,0.000000E+00,0.000000E+00,0.000000E+00,0.000000E+00,2.099734E+01,4.269815E+01,2.299949E+01,4.509176E+01
18:55:00,5.649417E+03,3.772200E+03,2.915606E-01,4.106805E-01,0.000000E+00,0.000000E+00,0.000000E+00,0.000000E+00,0.000000E+00,0.000000E+00,0.000000E+00,0.000000E+00,2.099731E+01,4.266033E+01,2.299949E+01,4.509508E+01
19:00:00,5.749242E+03,3.757310E+03,2.967103E-01,4.090594E-01,0.000000E+00,0.000000E+00,0.000000E+00,0.000000E+00,0.000000E+00,0.000000E+00,0.000000E+00,0.000000E+00,2.099728E+01,4.263358E+01,2.299949E+01,4.509847E+01
19:05:00,5.749604E+03,3.742598E+03,2.967265E-01,4.074577E-01,0.000000E+00,0.000000E+00,0.000000E+00,0.000000E+00,0.000000E+00,0.000000E+00,0.000000E+00,0.000000E+00,2.099727E+01,4.261482E+01,2.299949E+01,4.510192E+01
19:10:00,5.749923E+03,3.728045E+03,2.967407E-01,4.058733E-01,0.000000E+00,0.000000E+00,0.000000E+00,0.000000E+00,0.000000E+00,0.000000E+00,0.000000E+00,0.000000E+00,2.099725E+01,4.260172E+01,2.299949E+01,4.510527E+01
19:15:00,5.750191E+03,3.713665E+03,2.967526E-01,4.043077E-01,0.000000E+00,0.000000E+00,0.000000E+00,0.000000E+00,0.000000E+00,0.000000E+00,0.000000E+00,0.000000E+00,2.099724E+01,4.259257E+01,2.299949E+01,4.510846E+01
19:20:00,5.750387E+03,3.699483E+03,2.967613E-01,4.027637E-01,0.000000E+00,0.000000E+00,0.000000E+00,0.000000E+00,0.000000E+00,0.000000E+00,0.000000E+00,0.000000E+00,2.099724E+01,4.258618E+01,2.299949E+01,4.511153E+01
19:25:00,5.750531E+03,3.685514E+03,2.967677E-01,4.012428E-01,0.000000E+00,0.000000E+00,0.000000E+00,0.000000E+00,0.000000E+00,0.000000E+00,0.000000E+00,0.000000E+00,2.099723E+01,4.258170E+01,2.299949E+01,4.511452E+01
19:30:00,5.750637E+03,3.671774E+03,2.967725E-01,3.997470E-01,0.000000E+00,0.000000E+00,0.000000E+00,0.000000E+00,0.000000E+00,0.000000E+00,0.000000E+00,0.000000E+00,2.099723E+01,4.257857E+01,2.299949E+01,4.511747E+01
19:35:00,5.750718E+03,3.658274E+03,2.967763E-01,3.982772E-01,0.000000E+00,0.000000E+00,0.000000E+00,0.000000E+00,0.000000E+00,0.000000E+00,0.000000E+00,0.000000E+00,2.099723E+01,4.257637E+01,2.299949E+01,4.512041E+01
19:40:00,5.750781E+03,3.645026E+03,2.967792E-01,3.968349E-01,0.000000E+00,0.000000E+00,0.000000E+00,0.000000E+00,0.000000E+00,0.000000E+00,0.000000E+00,0.000000E+00,2.099723E+01,4.257484E+01,2.299949E+01,4.512334E+01
19:45:00,5.750831E+03,3.632039E+03,2.967816E-01,3.954209E-01,0.000000E+00,0.000000E+00,0.000000E+00,0.000000E+00,0.000000E+00,0.000000E+00,0.000000E+00,0.000000E+00,2.099723E+01,4.257376E+01,2.299949E+01,4.512628E+01
19:50:00,5.750871E+03,3.619321E+03,2.967835E-01,3.940363E-01,0.000000E+00,0.000000E+00,0.000000E+00,0.000000E+00,0.000000E+00,0.000000E+00,0.000000E+00,0.000000E+00,2.099723E+01,4.257301E+01,2.299949E+01,4.512923E+01
19:55:00,5.750903E+03,3.606877E+03,2.967850E-01,3.926816E-01,0.000000E+00,0.000000E+00,0.000000E+00,0.000000E+00,0.000000E+00,0.000000E+00,0.000000E+00,0.000000E+00,2.099722E+01,4.257249E+01,2.299949E+01,4.513220E+01
20:00:00,5.750929E+03,3.594716E+03,2.967863E-01,3.913576E-01,0.000000E+00,0.000000E+00,0.000000E+00,0.000000E+00,0.000000E+00,0.000000E+00,0.000000E+00,0.000000E+00,2.099722E+01,4.257212E+01,2.299949E+01,4.513520E+01
20:05:00,5.750950E+03,3.582651E+03,2.967873E-01,3.900440E-01,0.000000E+00,0.000000E+00,0.000000E+00,0.000000E+00,0.000000E+00,0.000000E+00,0.000000E+00,0.000000E+00,2.099722E+01,4.257187E+01,2.299949E+01,4.513821E+01
20:10:00,5.750968E+03,3.570714E+03,2.967882E-01,3.887445E-01,0.000000E+00,0.000000E+00,0.000000E+00,0.000000E+00,0.000000E+00,0.000000E+00,0.000000E+00,0.000000E+00,2.099722E+01,4.257169E+01,2.299949E+01,4.514118E+01
20:15:00,5.750983E+03,3.558909E+03,2.967890E-01,3.874593E-01,0.000000E+00,0.000000E+00,0.000000E+00,0.000000E+00,0.000000E+00,0.000000E+00,0.000000E+00,0.000000E+00,2.099722E+01,4.257156E+01,2.299949E+01,4.514408E+01
20:20:00,5.750995E+03,3.547235E+03,2.967896E-01,3.861883E-01,0.000000E+00,0.000000E+00,0.000000E+00,0.000000E+00,0.000000E+00,0.000000E+00,0.000000E+00,0.000000E+00,2.099722E+01,4.257148E+01,2.299949E+01,4.514691E+01
20:25:00,5.751006E+03,3.535689E+03,2.967901E-01,3.849313E-01,0.000000E+00,0.000000E+00,0.000000E+00,0.000000E+00,0.000000E+00,0.000000E+00,0.000000E+00,0.000000E+00,2.099722E+01,4.257142E+01,2.299949E+01,4.514970E+01
20:30:00,5.751015E+03,3.524271E+03,2.967906E-01,3.836882E-01,0.000000E+00,0.000000E+00,0.000000E+00,0.000000E+00,0.000000E+00,0.000000E+00,0.000000E+00,0.000000E+00,2.099722E+01,4.257138E+01,2.299949E+01,4.515246E+01
20:35:00,5.751023E+03,3.512982E+03,2.967910E-01,3.824591E-01,0.000000E+00,0.000000E+00,0.000000E+00,0.000000E+00,0.000000E+00,0.000000E+00,0.000000E+00,0.000000E+00,2.099722E+01,4.257136E+01,2.299949E+01,4.515522E+01
20:40:00,5.751030E+03,3.501819E+03,2.967913E-01,3.812438E-01,0.000000E+00,0.000000E+00,0.000000E+00,0.000000E+00,0.000000E+00,0.000000E+00,0.000000E+00,0.000000E+00,2.099722E+01,4.257134E+01,2.299949E+01,4.515798E+01
20:45:00,5.751036E+03,3.490784E+03,2.967917E-01,3.800424E-01,0.000000E+00,0.000000E+00,0.000000E+00,0.000000E+00,0.000000E+00,0.000000E+00,0.000000E+00,0.000000E+00,2.099722E+01,4.257132E+01,2.299949E+01,4.516075E+01
20:50:00,5.751041E+03,3.479875E+03,2.967919E-01,3.788548E-01,0.000000E+00,0.000000E+00,0.000000E+00,0.000000E+00,0.000000E+00,0.000000E+00,0.000000E+00,0.000000E+00,2.099722E+01,4.257132E+01,2.299949E+01,4.516354E+01
20:55:00,5.751046E+03,3.469093E+03,2.967922E-01,3.776809E-01,0.000000E+00,0.000000E+00,0.000000E+00,0.000000E+00,0.000000E+00,0.000000E+00,0.000000E+00,0.000000E+00,2.099722E+01,4.257131E+01,2.299949E+01,4.516634E+01
21:00:00,5.751051E+03,3.458439E+03,2.967924E-01,3.765210E-01,0.000000E+00,0.000000E+00,0.000000E+00,0.000000E+00,0.000000E+00,0.000000E+00,0.000000E+00,0.000000E+00,2.099722E+01,4.257131E+01,2.299949E+01,4.516917E+01
21:05:00,5.751054E+03,3.447774E+03,2.967926E-01,3.753599E-01,0.000000E+00,0.000000E+00,0.000000E+00,0.000000E+00,0.000000E+00,0.000000E+00,0.000000E+00,0.000000E+00,2.099722E+01,4.257131E+01,2.299949E+01,4.517202E+01
21:10:00,5.751058E+03,3.437082E+03,2.967928E-01,3.741959E-01,0.000000E+00,0.000000E+00,0.000000E+00,0.000000E+00,0.000000E+00,0.000000E+00,0.000000E+00,0.000000E+00,2.099722E+01,4.257131E+01,2.299949E+01,4.517489E+01
21:15:00,5.751061E+03,3.426359E+03,2.967929E-01,3.730284E-01,0.000000E+00,0.000000E+00,0.000000E+00,0.000000E+00,0.000000E+00,0.000000E+00,0.000000E+00,0.000000E+00,2.099722E+01,4.257130E+01,2.299949E+01,4.517780E+01
21:20:00,5.751064E+03,3.415598E+03,2.967931E-01,3.718568E-01,0.000000E+00,0.000000E+00,0.000000E+00,0.000000E+00,0.000000E+00,0.000000E+00,0.000000E+00,0.000000E+00,2.099722E+01,4.257131E+01,2.299949E+01,4.518073E+01
21:25:00,5.751067E+03,3.404796E+03,2.967932E-01,3.706808E-01,0.000000E+00,0.000000E+00,0.000000E+00,0.000000E+00,0.000000E+00,0.000000E+00,0.000000E+00,0.000000E+00,2.099722E+01,4.257131E+01,2.299949E+01,4.518370E+01
21:30:00,5.751069E+03,3.393949E+03,2.967934E-01,3.695000E-01,0.000000E+00,0.000000E+00,0.000000E+00,0.000000E+00,0.000000E+00,0.000000E+00,0.000000E+00,0.000000E+00,2.099722E+01,4.257131E+01,2.299949E+01,4.518670E+01
21:35:00,5.751071E+03,3.383057E+03,2.967935E-01,3.683140E-01,0.000000E+00,0.000000E+00,0.000000E+00,0.000000E+00,0.000000E+00,0.000000E+00,0.000000E+00,0.000000E+00,2.099722E+01,4.257131E+01,2.299949E+01,4.518973E+01
21:40:00,5.751074E+03,3.372115E+03,2.967936E-01,3.671228E-01,0.000000E+00,0.000000E+00,0.000000E+00,0.000000E+00,0.000000E+00,0.000000E+00,0.000000E+00,0.000000E+00,2.099722E+01,4.257131E+01,2.299949E+01,4.519279E+01
21:45:00,5.751075E+03,3.361123E+03,2.967937E-01,3.659262E-01,0.000000E+00,0.000000E+00,0.000000E+00,0.000000E+00,0.000000E+00,0.000000E+00,0.000000E+00,0.000000E+00,2.099722E+01,4.257131E+01,2.299949E+01,4.519589E+01
21:50:00,5.751077E+03,3.350080E+03,2.967938E-01,3.647239E-01,0.000000E+00,0.000000E+00,0.000000E+00,0.000000E+00,0.000000E+00,0.000000E+00,0.000000E+00,0.000000E+00,2.099722E+01,4.257131E+01,2.299949E+01,4.519902E+01
21:55:00,5.751079E+03,3.338985E+03,2.967939E-01,3.635159E-01,0.000000E+00,0.000000E+00,0.000000E+00,0.000000E+00,0.000000E+00,0.000000E+00,0.000000E+00,0.000000E+00,2.099722E+01,4.257131E+01,2.299949E+01,4.520219E+01
22:00:00,5.751080E+03,3.327836E+03,2.967939E-01,3.623021E-01,0.000000E+00,0.000000E+00,0.000000E+00,0.000000E+00,0.000000E+00,0.000000E+00,0.000000E+00,0.000000E+00,2.099722E+01,4.257131E+01,2.299949E+01,4.520540E+01
22:05:00,5.751082E+03,3.312922E+03,2.967940E-01,3.606784E-01,0.000000E+00,0.000000E+00,0.000000E+00,0.000000E+00,0.000000E+00,0.000000E+00,0.000000E+00,0.000000E+00,2.099722E+01,4.257131E+01,2.299949E+01,4.520864E+01
22:10:00,5.751083E+03,3.297110E+03,2.967941E-01,3.589569E-01,0.000000E+00,0.000000E+00,0.000000E+00,0.000000E+00,0.000000E+00,0.000000E+00,0.000000E+00,0.000000E+00,2.099722E+01,4.257131E+01,2.299951E+01,4.458525E+01
22:15:00,5.751084E+03,3.280617E+03,2.967941E-01,3.571604E-01,0.000000E+00,0.000000E+00,0.000000E+00,0.000000E+00,0.000000E+00,0.000000E+00,0.000000E+00,0.000000E+00,2.099722E+01,4.257131E+01,2.299976E+01,4.374779E+01
22:20:00,5.751086E+03,3.263551E+03,2.967942E-01,3.553004E-01,0.000000E+00,0.000000E+00,0.000000E+00,0.000000E+00,0.000000E+00,0.000000E+00,0.000000E+00,0.000000E+00,2.099722E+01,4.257131E+01,2.300012E+01,4.304256E+01
22:25:00,5.751087E+03,3.245954E+03,2.967943E-01,3.533817E-01,0.000000E+00,0.000000E+00,0.000000E+00,0.000000E+00,0.000000E+00,0.000000E+00,0.000000E+00,0.000000E+00,2.099722E+01,4.257131E+01,2.300043E+01,4.256405E+01
22:30:00,5.751088E+03,3.227874E+03,2.967943E-01,3.514098E-01,0.000000E+00,0.000000E+00,0.000000E+00,0.000000E+00,0.000000E+00,0.000000E+00,0.000000E+00,0.000000E+00,2.099722E+01,4.257131E+01,2.300065E+01,4.226851E+01
22:35:00,5.751089E+03,3.209336E+03,2.967944E-01,3.493874E-01,0.000000E+00,0.000000E+00,0.000000E+00,0.000000E+00,0.000000E+00,0.000000E+00,0.000000E+00,0.000000E+00,2.099722E+01,4.257132E+01,2.300079E+01,4.208586E+01
22:40:00,5.751090E+03,3.190381E+03,2.967944E-01,3.473194E-01,0.000000E+00,0.000000E+00,0.000000E+00,0.000000E+00,0.000000E+00,0.000000E+00,0.000000E+00,0.000000E+00,2.099722E+01,4.257132E+01,2.300087E+01,4.196564E+01
22:45:00,5.751091E+03,3.171029E+03,2.967945E-01,3.452082E-01,0.000000E+00,0.000000E+00,0.000000E+00,0.000000E+00,0.000000E+00,0.000000E+00,0.000000E+00,0.000000E+00,2.099722E+01,4.257132E+01,2.300092E+01,4.188072E+01
22:50:00,5.751091E+03,3.151314E+03,2.967945E-01,3.430573E-01,0.000000E+00,0.000000E+00,0.000000E+00,0.000000E+00,0.000000E+00,0.000000E+00,0.000000E+00,0.000000E+00,2.099722E+01,4.257132E+01,2.300096E+01,4.181811E+01
22:55:00,5.751092E+03,3.131252E+03,2.967945E-01,3.408686E-01,0.000000E+00,0.000000E+00,0.000000E+00,0.000000E+00,0.000000E+00,0.000000E+00,0.000000E+00,0.000000E+00,2.099722E+01,4.257132E+01,2.300098E+01,4.177107E+01
23:00:00,5.751093E+03,3.110866E+03,2.967946E-01,3.386447E-01,0.000000E+00,0.000000E+00,0.000000E+00,0.000000E+00,0.000000E+00,0.000000E+00,0.000000E+00,0.000000E+00,2.099722E+01,4.257132E+01,2.300100E+01,4.173525E+01
23:05:00,5.751094E+03,3.093883E+03,2.967946E-01,3.367911E-01,0.000000E+00,0.000000E+00,0.000000E+00,0.000000E+00,0.000000E+00,0.000000E+00,0.000000E+00,0.000000E+00,2.099722E+01,4.257132E+01,2.300101E+01,4.170737E+01
23:10:00,5.751094E+03,3.077451E+03,2.967947E-01,3.349976E-01,0.000000E+00,0.000000E+00,0.000000E+00,0.000000E+00,0.000000E+00,0.000000E+00,0.000000E+00,0.000000E+00,2.099722E+01,4.257132E+01,2.300101E+01,4.168496E+01
23:15:00,5.751095E+03,3.061363E+03,2.967947E-01,3.332424E-01,0.000000E+00,0.000000E+00,0.000000E+00,0.000000E+00,0.000000E+00,0.000000E+00,0.000000E+00,0.000000E+00,2.099722E+01,4.257132E+01,2.300102E+01,4.166626E+01
23:20:00,5.751096E+03,3.045527E+03,2.967947E-01,3.315157E-01,0.000000E+00,0.000000E+00,0.000000E+00,0.000000E+00,0.000000E+00,0.000000E+00,0.000000E+00,0.000000E+00,2.099722E+01,4.257132E+01,2.300102E+01,4.165004E+01
23:25:00,5.751096E+03,3.029905E+03,2.967947E-01,3.298134E-01,0.000000E+00,0.000000E+00,0.000000E+00,0.000000E+00,0.000000E+00,0.000000E+00,0.000000E+00,0.000000E+00,2.099722E+01,4.257132E+01,2.300102E+01,4.163548E+01
23:30:00,5.751097E+03,3.014463E+03,2.967948E-01,3.281313E-01,0.000000E+00,0.000000E+00,0.000000E+00,0.000000E+00,0.000000E+00,0.000000E+00,0.000000E+00,0.000000E+00,2.099722E+01,4.257132E+01,2.300102E+01,4.162205E+01
23:35:00,5.751097E+03,2.999182E+03,2.967948E-01,3.264672E-01,0.000000E+00,0.000000E+00,0.000000E+00,0.000000E+00,0.000000E+00,0.000000E+00,0.000000E+00,0.000000E+00,2.099722E+01,4.257132E+01,2.300102E+01,4.160937E+01
23:40:00,5.751098E+03,2.984029E+03,2.967948E-01,3.248173E-01,0.000000E+00,0.000000E+00,0.000000E+00,0.000000E+00,0.000000E+00,0.000000E+00,0.000000E+00,0.000000E+00,2.099722E+01,4.257132E+01,2.300102E+01,4.159719E+01
23:45:00,5.751098E+03,2.968988E+03,2.967949E-01,3.231798E-01,0.000000E+00,0.000000E+00,0.000000E+00,0.000000E+00,0.000000E+00,0.000000E+00,0.000000E+00,0.000000E+00,2.099722E+01,4.257132E+01,2.300102E+01,4.158534E+01
23:50:00,5.751099E+03,2.954035E+03,2.967949E-01,3.215519E-01,0.000000E+00,0.000000E+00,0.000000E+00,0.000000E+00,0.000000E+00,0.000000E+00,0.000000E+00,0.000000E+00,2.099722E+01,4.257132E+01,2.300102E+01,4.157368E+01
23:55:00,5.751099E+03,2.939157E+03,2.967949E-01,3.199323E-01,0.000000E+00,0.000000E+00,0.000000E+00,0.000000E+00,0.000000E+00,0.000000E+00,0.000000E+00,0.000000E+00,2.099722E+01,4.257132E+01,2.300102E+01,4.156214E+01
24:00:00,5.751099E+03,2.924337E+03,2.967949E-01,3.183190E-01,0.000000E+00,0.000000E+00,0.000000E+00,0.000000E+00,0.000000E+00,0.000000E+00,0.000000E+00,0.000000E+00,2.099722E+01,4.257132E+01,2.300102E+01,4.155065E+01
Peak,5.751235E+03,4.044988E+03,2.968019E-01,4.403796E-01,0.000000E+00,0.000000E+00,0.000000E+00,0.000000E+00,0.000000E+00,0.000000E+00,0.000000E+00,0.000000E+00,,,,

Peak Vol Flow (m3/s),,,2.714997E-01,4.028375E-01,,,0.000000E+00,0.000000E+00,,,,,,,,
